11/03/2024 13:53:39							
11/04/2024 04:23:45							
11/04/2024 13:17:13							
11/05/2024 01:19:04							
11/05/2024 09:58:10							
11/06/2024 05:54:50							
11/07/2024 06:15:43							
11/07/2024 13:36:09							
11/08/2024 06:09:53							
11/09/2024 05:53:35							
11/10/2024 10:22:52							
11/12/2024 05:05:00							
11/12/2024 12:06:46							
11/15/2024 04:55:04							
11/16/2024 02:18:44							
11/17/2024 09:40:43							
11/18/2024 11:16:55							
11/20/2024 12:41:15							
11/21/2024 14:29:04							
11/22/2024 04:52:37							
11/24/2024 11:32:45							
11/24/2024 12:24:46							
11/24/2024 16:58:28							
11/26/2024 10:46:34							
11/27/2024 05:54:52							
11/28/2024 11:43:37							
11/29/2024 05:58:21							
11/29/2024 12:40:19							
11/29/2024 13:20:19							
11/30/2024 05:59:47							
11/30/2024 06:16:12							
11/30/2024 07:03:37							
12/01/2024 13:30:43							
12/01/2024 15:53:56							
12/01/2024 16:23:26							
12/01/2024 16:33:54							
12/04/2024 05:43:44							
12/04/2024 15:53:59							
12/05/2024 05:44:38							
12/05/2024 11:02:26							
12/07/2024 10:58:58							
12/07/2024 11:15:39							
12/07/2024 15:35:31							
12/07/2024 15:59:07							
12/09/2024 06:00:46							
12/09/2024 06:05:13							
12/09/2024 10:12:08							
12/09/2024 12:06:00							
12/11/2024 05:25:55							
12/11/2024 06:07:20							
12/11/2024 10:52:14							
12/11/2024 11:54:28							
12/13/2024 10:28:27							
12/13/2024 10:36:55							
12/13/2024 10:54:08							
12/13/2024 12:04:22							
12/13/2024 16:46:14							
12/14/2024 05:53:33							
12/14/2024 06:15:38							
12/14/2024 06:25:25							
12/14/2024 13:29:26							
12/15/2024 04:58:30							
12/15/2024 05:59:35							
12/15/2024 13:09:15							
12/17/2024 05:36:02							
12/17/2024 05:43:13							
12/17/2024 06:05:17							
12/17/2024 10:21:53							
12/17/2024 11:34:20							
12/18/2024 06:08:07							
12/18/2024 06:18:23							
12/18/2024 11:12:46							
12/19/2024 03:19:00							
12/19/2024 05:33:16							
12/19/2024 06:01:55							
12/19/2024 11:27:24							
12/20/2024 05:40:03							
12/20/2024 10:15:32							
12/20/2024 11:45:50							
12/21/2024 11:41:30							
12/22/2024 10:22:46							
12/22/2024 11:05:54							
12/22/2024 11:17:29							
12/22/2024 11:18:11							
12/23/2024 05:41:52							
12/23/2024 05:59:53							
12/23/2024 11:44:44							
12/23/2024 13:06:20							
12/23/2024 13:12:06							
12/23/2024 18:01:07							
12/24/2024 06:56:10							
12/24/2024 13:45:45							
12/25/2024 03:38:37							
12/25/2024 11:52:11							
12/25/2024 12:05:39							
12/25/2024 12:25:42							
12/26/2024 11:52:46							
12/27/2024 04:04:19							
12/27/2024 05:25:33							
12/27/2024 06:01:52							
12/27/2024 12:07:01							
12/28/2024 05:55:00							
12/30/2024 13:32:52							
12/30/2024 14:02:33							
12/30/2024 16:05:48							
12/31/2024 05:54:25							
12/31/2024 06:09:44							
12/31/2024 10:39:19							
01/01/2025 02:31:21							
01/01/2025 06:19:22							
01/01/2025 16:37:50							
01/07/2025 05:57:29							
01/07/2025 10:46:36							
01/08/2025 06:03:53							
01/08/2025 06:23:34							
01/12/2025 04:58:16							
01/12/2025 06:05:13							
01/13/2025 05:44:24							
