k1	pc	pwkvn_gloss	indep_hits	mw_body_mention
azwakika	5-248-a	{#*azwakika#}¦, nach <ls>KĀŚ.</ls> zu <ls>P. 5,2,116</ls> und {#*azwakin#}.	sch,ap90,ap,vcp,pwg	
amUlaka	7-307-c	{#*amUlaka#}¦ <lex>n.</lex> {%eine unbegründete Anklage%} <ls>MAHĀVY. 258</ls>. {#amUlakAByAKyAna#} <lex>n.</lex> <ab>dass.</ab> <ls n="MAHĀVY.">261</ls>.	bhs,sch,ap90,ap	
nakulAQyA	3-264-c	{#*nakulAQyA#}¦, lies {#*nakulAdyA#} <lex>f.</lex> {%die Ichneumonpflanze%} <ls>RĀJAN. 7,95</ls>.	sch,vcp,skd,pwg	
durgAhva	3-264-a	{#*durgAhva#}¦ zu streichen.	sch,vcp,pwg	
gArDa	7-338-a	{#*gArDa#}¦ <lex>n.</lex> <ls>MAHĀVY. 110,36</ls> fehlerhaft für {#gArdDya#}.	bhs,sch,pwg	Y
jijYAsTi	7-343-c	{#*jijYAsTi#} <ls>GAṆAP. 194,32</ls> und {#siYjAsTa#} <ls n="GAṆAP. 194,">33</ls>¦ <lex>n.</lex> nach <ls>LEUMANN</ls> fehlerhaft für {#miYjAsTi#} oder {#˚sTa#} {%Knochenmark%}. Im <lang>Prākrit</lang> ist {#miYjA = majj	sch,vcp,pwg	
kintamAm	7-332-b	{#*kintamAm#} und {#*kintarAm#}¦ <lex>Adv.</lex> <ls>P. 5,4,11</ls>.	sch,vcp,skd	
AKAta	5-248-c	{#*AKAta#}¦, lies <lex>m.</lex> statt <lex>n.</lex>	sch,pwg	
ARavay	5-248-c	{#*ARavay#}¦, <ab>st.</ab> dessen {#ARapay#} <ls>P. 1,3,1, Vārtt. 12</ls> in <ls>KIELHORNʼs Ausg.</ls>	sch,pwg	
ARqavant	5-248-c	{#*ARqavant#} und {#*ARqIra#}¦, nach der <ls>KĀŚ.</ls> {#aRqavant#} und {#aRqIra#}.	sch,pwg	
AdarSamuKa	7-317-d	{#*AdarSamuKa#}¦ <lex>m.</lex> <ab>N. pr.</ab> eines Schlangendämons <ls>MAHĀVY. 167</ls>.	bhs,sch	
AjYeya	7-317-b	{#*AjYeya#}¦ <lex>Adj.</lex> {%zu erkennen%} <ls>MAHĀVY. 20</ls>.	bhs,sch	
AkASAsaNgavimuktinirupalepa	7-316-c	{#*AkASAsaNgavimuktinirupalepa#}¦ <lex>m.</lex> {%ein <ab>best.</ab>%} <is>Samādhi</is> <ls>MAHĀVY. 21</ls>.	bhs,sch	
AkASasParaRa	7-316-c	{#*AkASasParaRa#}¦ <lex>m.</lex> {%ein <ab>best.</ab>%} <is>Samādhi</is> <ls>MAHĀVY. 21</ls>.	bhs,sch	
AkArABinirhAra	7-316-c	{#*AkArABinirhAra#}¦ <lex>m.</lex> <ab>desgl.</ab> <ls><ab>ebend.</ab></ls>	bhs,sch	
Akampya	7-316-b	{#*Akampya#}¦ <lex>m.</lex> {%ein <ab>best.</ab>%} <is>Samādhi</is> <ls>MAHĀVY. 24</ls>.	bhs,sch	
Akfzwimant	7-316-c	{#*Akfzwimant#}¦ <lex>Adj.</lex> {%gescheidt, klug%} <ls>MAHĀVY. 143</ls>.	bhs,sch	
AmratIrTa	7-319-a	{#*AmratIrTa#}¦ <lex>m.</lex> <ab>N. pr.</ab> eines Schlangenfürsten <ls>MAHĀVY. 167</ls>.	bhs,sch	
ArambaRaka	7-319-b	{#*ArambaRaka#}¦ <lex>n.</lex> etwa {%Geländer%} <ls>MAHĀVY. 226</ls>.	bhs,sch	
AsParaRakasamADi	7-320-c	{#*AsParaRakasamADi#}¦ <lex>m.</lex> {%ein <ab>best.</ab> Grad des%} <is>Samādhi</is> <ls>MAHĀVY. 67</ls>.	bhs,sch	
AtaptakArin	7-317-c	{#*AtaptakArin#}¦ <lex>Adj.</lex> {%eifrig zu Werke gehend%} <ls>MAHĀVY. 98</ls>.	bhs,sch	
Banda	5-262-a	{#*Banda#}¦ <ls>ZACH. Beitr.</ls>	sch,vcp	
BiRqipAla	7-365-b	{#*BiRqipAla#}¦ <ls>MAHĀVY. 238,33</ls> fehlerhaft für {#Bindi˚#}.	bhs,sch	
BrUkuwika	7-366-a	{#*BrUkuwika#}¦ am Ende eines <ab>adj. Comp.</ab> = {#BrUkuwi#} <ls>MAHĀVY. 126,56</ls>.	bhs,sch	
DanuzkalApaka	7-350-b	{#*DanuzkalApaka#}¦ <lex>m.</lex> (!) {%Bogen und Köcher%} <ls>MAHĀVY. 217,33</ls>.	bhs,sch	
DanuzketakI	7-350-b	{#*DanuzketakI#}¦ <lex>f.</lex> {%eine <ab>best.</ab> Blume%} <ls>MAHĀVY. 240,34</ls>.	bhs,sch	
EhipaSyika	7-328-b	{#*EhipaSyika#}¦ <lex>Adj.</lex> {%zur Selbstüberzeugung auffordernd%} <ls>MAHĀVY. 63</ls>.	bhs,sch	
Gowakamfga	7-340-a	{#*Gowakamfga#}¦ <lex>m.</lex> {%ein <ab>best.</ab> Thier%} <ls>MAHĀVY. 213,29</ls>. <ab>Vgl.</ab> {#gOqakamfga#}.	bhs,sch	
IzADara	7-322-a	{#*IzADara#}¦ <lex>m.</lex> <ab>N. pr.</ab> eines mythischen Berges <ls>MAHĀVY. 194</ls> ({#ISADara#} und {#izADAra#}). {#˚rA#} <lex>f.</lex> <ls>DIVYĀVAD. 217,14</ls>.	bhs,sch	
KARu	7-336-c	{#*KARu#}¦ (aus {#sTARu#}) <lex>m.</lex> {%Baumstumpf%} <ls>MAHĀVY. 245,564</ls>.	bhs,sch	
KAdyakacAraka	7-336-c	{#*KAdyakacAraka#}¦ <lex>m.</lex> <ab>Bez.</ab> {%eines <ab>best.</ab> Dieners im Kloster%} <ls>MAHĀVY. 274,4</ls>.	bhs,sch	
KaYjAhva	7-336-b	{#*KaYjAhva#}¦ <lex>m.</lex> {%Bachstelze%} <ls>MAHĀVY. 213,140</ls>.	bhs,sch	
KalupaScAdBaktika	7-336-c	{#*KalupaScAdBaktika#}¦ <lex>Adj.</lex> {%dem es verboten ist%} ({#Kalu#}) {%ein zweites Mahl zu sich zu nehmen%} <ls>MAHĀVY. 49</ls>.	bhs,sch	
KamBIrapati	7-336-b	{#*KamBIrapati#}¦ (?) <lex>m.</lex> <ls>MAHĀVY. 186,33</ls>.	bhs,sch	
KaruKarA	7-336-c	{#*KaruKarA#}¦ <lex>f.</lex> = {#KuraKurA#} <ls>MAHĀVY. 192</ls>.	bhs,sch	
UrDvaBAgIya	7-326-c	{#*UrDvaBAgIya#}¦ <lex>Adj.</lex> {%zu Höherem —, zur Wiedergeburt in höherer Stellung führend%} <ls>MAHĀVY. 109</ls>.	bhs,sch	
aBilapanatA	7-306-b	{#*aBilapanatA#}¦ <lex>f.</lex> wohl {%Geschwätzigkeit%} <ls>MAHĀVY. 138</ls>.	bhs,sch	
aBinamana	7-305-d	{#*aBinamana#}¦ <lex>n.</lex> {%ehrfurchtsvolles Verbeugen%} <ls>MAHĀVY. 97</ls>.	bhs,sch	
aBisamitAvin	7-306-c	{#*aBisamitAvin#}¦ <lex>Adj.</lex> {%klar —, gründlich erkennend%} <ls>MAHĀVY. 142</ls>.	bhs,sch	
aBizecanI	7-306-c	{#*aBizecanI#}¦ <lex>f.</lex> {%eine <ab>best.</ab>%} <is>Dhāraṇī</is> <ls>MAHĀVY. 25</ls>.	bhs,sch	
aNgulIPaRahastaka	4-291-a	{#*aNgulIPaRahastaka#}¦ <lex>Adj.</lex> {%klumphändig%} <ls>VYUTP. 204</ls>.	bhs,sch	
aSrAmaRya	7-313-b	{#*aSrAmaRya#}¦ <lex>n.</lex> {%Mangel an Ehrfurcht vor%} <is>Śramaṇa</is> <ls>MAHĀVY. 127</ls>.	bhs,sch	
aSuBaBAvanA	7-313-b	{#*aSuBaBAvanA#}¦ <lex>f.</lex> {%fromme Betrachtungen über das Unerfreuliche des Lebens%} <ls>MAHĀVY. 52</ls> in der <ab>Unterschr.</ab>	bhs,sch	
aYjanika	1-284-a	{#*aYjanika#}¦ <is>gaṇa</is> {#purohitAdi#}.	sch,pwg	
abrajas	7-305-b	{#*abrajas#}¦ <lex>n.</lex> {%ein überaus kleines Theilchen%} <ls>MAHĀVY. 251</ls>.	bhs,sch	
ajabanDu	1-284-a	{#*ajabanDu#}¦ <lex>m.</lex> <ab>N. pr.</ab> eines Mannes <ls>KĀŚ.</ls> zu <ls>P. 4,1,96</ls>.	sch,vcp	
amAtfjYa	7-307-b	{#*amAtfjYa#}¦ <lex>Adj.</lex> {%undankbar gegen die Mütter%} <ls>MAHĀVY. 127</ls>.	bhs,sch	
amanasikAra	7-307-b	{#*amanasikAra#}¦ <lex>m.</lex> {%Nichtbeachtung%} <ls>MAHĀVY. 68</ls>. <ls n="MAHĀVY.">70</ls>.	bhs,sch	
aneza	1-290-a	{#*aneza#}¦ (<ab>Nom.</ab> {#˚s#}) {%nicht dieser hier%} <ls>P. 6,1,132</ls>, <ab>Sch.</ab>	bhs,sch	
aprapaYca	7-304-d	{#*aprapaYca#}¦ <lex>Adj.</lex> wohl {%unerklärlich, unerklärt%} <ls>MAHĀVY. 144</ls>.	bhs,sch	
apratiSaraRa	7-304-c	{#*apratiSaraRa#}¦ <lex>Adj.</lex> {%unverbrüchlich%} <ls>MAHĀVY. 63</ls>.	bhs,sch	
apratipudgala	7-304-b	{#*apratipudgala#}¦ <lex>m.</lex> {%ein%} <is>Buddha</is> <ls>MAHĀVY. 1</ls>.	bhs,sch	
apratisama	7-304-c	{#*apratisama#}¦ <lex>Adj.</lex> {%unvergleichlich%} <ls>MAHĀVY. 19</ls>. <ls n="MAHĀVY.">128</ls>.	bhs,sch	
aprativirata	7-304-c	{#*aprativirata#}¦ <lex>Adj.</lex> {%sich nicht enthaltend%} (böser Handlungen) <ls>MAHĀVY. 245,893</ls>.	bhs,sch	
apratyudAvartya	7-304-d	{#*apratyudAvartya#}¦ <lex>Adj.</lex> {%unverbrüchlich%} <ls>MAHĀVY. 278</ls>.	bhs,sch	
apratyudDArya	7-385-d	{#*apratyudDArya#}¦ <lex>Adj.</lex> {%unwiderbringlich%} <ls>MAHĀVY. 278</ls>.	bhs,sch	
arDuzwa	7-309-d	{#*arDuzwa#}¦ <lex>Adj.</lex> = {#aDyuzwa#} <ls>MAHĀVY. 250</ls>.	bhs,sch	
araRasamavasaraRa	7-308-b	{#*araRasamavasaraRa#}¦ <lex>m.</lex> und {#*araRasaraRasarvasamavasaraRa#} <lex>m.</lex> <ab>Bez.</ab> {%zweier%} <is>Samādhi</is> <ls>MAHĀVY. 21</ls>.	bhs,sch	
arajovirajonayayukta	7-308-b	{#*arajovirajonayayukta#}¦ <lex>m.</lex> {%ein <ab>best.</ab>%} <is>Samādhi</is> <ls>MAHĀVY. 21</ls>.	bhs,sch	
aravAqa	7-308-c	{#*aravAqa#}¦ <lex>m.</lex> <ab>N. pr.</ab> eines Schlangendämons <ls>MAHĀVY. 167</ls>.	bhs,sch	
arpaRA	7-309-d	{#*arpaRA#}¦ <lex>f.</lex> {%Richtung der Gedanken, Entschluss%} <ls>MAHĀVY. 245,1021</ls>.	bhs,sch	
asaMpraKyAna	7-314-d	{#*asaMpraKyAna#}¦ <lex>n.</lex> vielleicht {%Mangel an Einsicht%} <ls>MAHĀVY. 127</ls>. <ls n="MAHĀVY.">133</ls>.	bhs,sch	
asaMprajYAna	7-314-d	{#*asaMprajYAna#}¦ <lex>n.</lex> {%Nichterkenntniss%} <ls>MAHĀVY. 245,488</ls>.	bhs,sch	
asaMprajanya	7-314-d	{#*asaMprajanya#}¦ <lex>n.</lex> {%Mangel an klarem Bewusstsein, — Besonnenheit%} <ls>MAHĀVY. 104</ls>.	bhs,sch	
asamayavimukta	7-314-c	{#*asamayavimukta#}¦ <lex>Adj.</lex> <ab>Bez.</ab> {%eines%} <is>Śrāvaka</is> {%in einem <ab>best.</ab> Stadium der geistigen und sittlichen Entwickelung%} <ls>MAHĀVY. 46</ls>.	bhs,sch	
avaga	7-310-c	{#*avaga#}¦ <lex>n.</lex> {%eine bestimmte hohe Zahl%} <ls>MAHĀVY. 246. fg.</ls>	bhs,sch	
avakalpanA	7-310-b	{#*avakalpanA#}¦ <lex>f.</lex> {%das für möglich Halten%} <ls>MAHĀVY. 245</ls>.	bhs,sch	
avamUrDa	7-310-d	{#*avamUrDa#}¦ <lex>m.</lex> <ab>N. pr.</ab> einer mythischen Welt <ls>MAHĀVY. 154</ls>.	bhs,sch	
avaragodAnIya	7-311-a	{#*avaragodAnIya#}¦ <ls>MAHĀVY. 154</ls> fehlerhaft für {#apara˚#}.	bhs,sch	
avinivartanIya	7-312-a	{#*avinivartanIya#}¦ <lex>m.</lex> {%ein <ab>best.</ab>%} <is>Samādhi</is> <ls>MAHĀVY. 24</ls>.	bhs,sch	
avirajas	7-312-b	{#*avirajas#}¦ <lex>n.</lex> {%ein <ab>best.</ab> kleines Theilchen%} <ls>MAHĀVY. 251</ls>.	bhs,sch	
bfMhayitar	7-364-a	{#*bfMhayitar#}¦ <ab>Nom. ag.</ab> {%Vermehrer%} <ls>MAHĀVY. 126,88</ls>.	bhs,sch	
boDipakzanirdeSa	7-364-b	{#*boDipakzanirdeSa#}¦ <lex>m.</lex> Titel eines <ab>buddh.</ab> Werkes <ls>MAHĀVY. 65,57</ls>.	bhs,sch	
cApodara	7-341-b	{#*cApodara#}¦ <lex>Adj.</lex> (<lex>f.</lex> {#I#}) {%einen gewölbten Bauch habend%} <ls>MAHĀVY. 223,133</ls> ({#˚danI#} <ab>gedr.</ab>).	bhs,sch	
cAturdvIpaka	7-341-a	{#*cAturdvIpaka#}¦ <lex>Adj.</lex> {%vier Welttheile umfassend%} <ls>MAHĀVY. 154,1</ls>.	bhs,sch	
cEtanaka	7-342-a	{#*cEtanaka#}¦ <lex>n.</lex> <ab>Pl.</ab> {%Gelder oder Werthsachen zum Einkaufen oder Eintauschen%} <ls>MAHĀVY. 260,10</ls>.	bhs,sch	
cEtradaRqika	7-342-a	{#*cEtradaRqika#}¦ <lex>m.</lex> <ls>MAHĀVY. 186,65</ls> wohl fehlerhaft für {#vetra˚#}.	bhs,sch	
catuzkumBikA	7-340-c	{#*catuzkumBikA#}¦ <lex>f.</lex> ? <ls>MAHĀVY. 281,111</ls>.	bhs,sch	
digvilokita	7-348-a	{#*digvilokita#}¦ <lex>m.</lex> {%ein <ab>best.</ab>%} <is>Samādhi</is> <ls>MAHĀVY. 21,19</ls>.	bhs,sch	
duHKilatA	7-348-c	{#*duHKilatA#}¦ <lex>f.</lex> ? <ls>MAHĀVY. 85,16</ls>.	bhs,sch	
ekAkAra	7-327-c	{#*ekAkAra#}¦ <lex>m.</lex> {%ein <ab>best.</ab>%} <is>Samādhi</is> <ls>MAHĀVY. 21</ls>.	bhs,sch	
ekAvacAraka	7-327-d	{#*ekAvacAraka#}¦ <lex>Adj.</lex> <ls>MAHĀVY. 245,1027</ls>.	bhs,sch	
ekaDyam	7-327-a	{#*ekaDyam#}¦ <lex>Adv.</lex> {%zusammen%} <ls>MAHĀVY. 245</ls>. {#ekaDye#} <ab>dass.</ab> <ls>DIVYĀVAD. 35,24</ls>. <ls n="DIVYĀVAD.">40,22</ls>. Richtig {#Eka˚#}.	bhs,sch	
ekavIcika	7-327-b	{#*ekavIcika#}¦ <lex>Adj.</lex> als <ab>Bez.</ab> eines <is>Śrāvaka</is> {%in einem <ab>best.</ab> Stadium der Entwickelung%} <ls>MAHĀVY. 46</ls>.	bhs,sch	
eqAkzipuzpa	7-327-d	{#*eqAkzipuzpa#}¦ <lex>n.</lex> {%eine <ab>best.</ab> Blume%} <ls><ab>ebend.</ab> 240</ls>. <ab>Vgl.</ab> {#eqikAkzI#}.	bhs,sch	
eqameqa	7-327-d	{#*eqameqa#}¦ <lex>m.</lex> <ab>desgl.</ab> <ls><ab>ebend.</ab></ls>	bhs,sch	
gIrvant	7-338-b	{#*gIrvant#}¦ <lex>Adj.</lex> von <hom>2.</hom> {#gir#}.	sch,pwg	
gamBIraGozasvaranAdita	7-337-c	{#*gamBIraGozasvaranAdita#}¦ <lex>m.</lex> <ab>N. pr.</ab> eines <is>Bodhisattva</is> <ls>MAHĀVY. 23,42</ls>.	bhs,sch	
gocarapariSudDa	7-339-a	{#*gocarapariSudDa#}¦ <lex>n.</lex> Titel eines Werkes <ls>MAHĀVY. 65,51</ls>.	bhs,sch	
grahika	7-339-c	{#*grahika#}¦ <lex>Adj.</lex> etwa {%bissig%} <ls>MAHĀVY. 127,8</ls>.	bhs,sch	
greDa	7-339-c	{#*greDa#}¦ <lex>m.</lex> {%Gier, Begierde%} <ls>MAHĀVY. 245,1145</ls>. [Page7-339-d] <ab>Vgl.</ab> <lang>Pāli</lang> {#geDa#}.	bhs,sch	
icCantika	7-321-a	{#*icCantika#}¦ <lex>Adj.</lex> {%Begierden fühlend%} oder {%zu fühlen anfangend%} <ls>MAHĀVY. 110</ls>.	bhs,sch	
jAnana	7-343-b	{#*jAnana#}¦ <lex>n.</lex> {%Ursprung, Geburtsstätte%} <ls>MAHĀVY. 101,12</ls>.	bhs,sch	
jAva	7-343-c	{#*jAva#}¦ <lex>m.</lex> ? <ls>MAHĀVY. 104,82</ls>.	bhs,sch	
jAvita	7-343-c	{#*jAvita#}¦ <lex>n.</lex> ? <ls>MAHĀVY. 217,27</ls>.	bhs,sch	
jYAnavatI	7-344-a	{#*jYAnavatI#}¦ <lex>f.</lex> <ab>N.</ab> einer <ab>buddh.</ab> <is>Dhāraṇī</is> <ls>MAHĀVY. 25,2</ls>.	bhs,sch	
jamBi	7-343-a	{#*jamBi#}¦ <ls>MAHĀVY. 189,25</ls> wohl nur fehlerhaft für {#jamBa#}.	bhs,sch	
jvalanolka	7-344-b	{#*jvalanolka#}¦ <lex>m.</lex> {%ein <ab>best.</ab>%} <is>Samādhi</is> <ls>MAHĀVY. 21,94</ls>.	bhs,sch	
kARqarika	7-331-b	{#*kARqarika#}¦ <lex>Adj.</lex> <ls>MAHĀVY. 271,28</ls>.	bhs,sch	
kArAkAra	7-331-c	{#*kArAkAra#}¦ <lex>m.</lex> {%ein <ab>best.</ab>%} <is>Samādhi</is> [Page7-331-d] <ls>MAHĀVY. 21,53</ls>.	bhs,sch	
kAravAlika	7-331-c	{#*kAravAlika#}¦ <lex>m.</lex> (fürstlicher) {%Schwertträger%} <ls>MAHĀVY. 186,59</ls>.	bhs,sch	
kAritra	7-331-d	{#*kAritra#}¦ <lex>n.</lex> = {#cezwita#} <ls>MAHĀVY. 245</ls>. <ls n="MAHĀVY.">844</ls>. <ab>Vgl.</ab> {#cAritra#}.	bhs,sch	
kAyakalisaMpramaTana	7-331-c	{#*kAyakalisaMpramaTana#}¦ <lex>m.</lex> {%ein <ab>best.</ab>%} <is>Samādhi</is> <ls>MAHĀVY. 21,116</ls>.	bhs,sch	
kAzWahAraka	7-332-b	{#*kAzWahAraka#}¦ <lex>m.</lex> {%Holzträger%} <ls>MAHĀVY. 186,106</ls>.	bhs,sch	
kUrparaka	7-333-d	{#*kUrparaka#}¦ = {#kUrpara#} {%Ellbogen%} <ls>MAHĀVY. 189,44</ls>.	bhs,sch	
kaSambakajAta	7-331-a	{#*kaSambakajAta#}¦ <lex>Adj.</lex> {%besudelt, unrein%} <ls>MAHĀVY. 278</ls>. <ab>Vgl.</ab> <lang>Pāli</lang> {#kasambu#}.	bhs,sch	
karmavAcanA	7-330-b	{#*karmavAcanA#}¦ <lex>f.</lex> {%der Antrag —, der Beschluss in einer Versammlung des Kapitels der Mönche%} <ls>MAHĀVY. 266</ls>.	bhs,sch	
karmaviBaNga	7-330-b	{#*karmaviBaNga#}¦ <lex>m.</lex> Titel eines Werkes <ls>MAHĀVY. 65,47</ls>.	bhs,sch	
kavacikA	7-331-a	{#*kavacikA#}¦ <lex>f.</lex> {%eine <ab>best.</ab> Waffe%} <ls>MAHĀVY. 238</ls>.	bhs,sch	
kftsnAyatana	7-334-a	{#*˚kftsnAyatana#}¦ <lex>n.</lex> {%eine <ab>best.</ab> mystische Uebung%} (den Geist zu concentriren <ab>u. s. w.</ab>), deren 10 <ls>MAHĀVY. 72</ls>.	bhs,sch	
klomaka	7-335-c	{#*klomaka#}¦ <lex>m.</lex> = {#kloman#} <ls>MAHĀVY. 189,90</ls>.	bhs,sch	
kowambaka	7-334-d	{#*kowambaka#}¦ <lex>m.</lex> {%eine Art Zeug%} <ls>MAHĀVY. 280,5</ls>.	bhs,sch	
kowanaka	7-334-d	{#*kowanaka#}¦ in {#gaRqI˚#}. <ab>Vgl.</ab> <hom>4.</hom> {#kuw#}.	bhs,sch	
kuladUzaka	7-333-b	{#*kuladUzaka#}¦ <lex>Adj.</lex> {%die Familie schändend%} <ls>MAHĀVY. 258</ls>.	bhs,sch	
kurukuci	7-333-b	{#*kurukuci#}¦ <lex>Adj.</lex> <ls>MAHĀVY. 127,50</ls> wohl = {#mAyAvin#}.	bhs,sch	
kutsanIya	7-333-a	{#*kutsanIya#}¦ <lex>Adj.</lex> {%tadelnswerth%} <ls>MAHĀVY. 132</ls>.	bhs,sch	
murucikA	7-368-d	{#*murucikA#}¦ <lex>f.</lex> ? <ls>MAHĀVY. 273,47</ls>.	bhs,sch	
niHsaraRIya	7-354-a	{#*niHsaraRIya#}¦ <lex>Adj.</lex> {%zum Befreien von Etwas geeignet%} <ls>MAHĀVY. 82,1</ls>.	bhs,sch	
niScikIrzA	7-353-c	{#*niScikIrzA#}¦ <lex>f.</lex> etwa {%der Wunsch zu vervollkommnen, — zu vermehren%} <ls>MAHĀVY. 127,15</ls>.	bhs,sch	
nigarhaRIya	7-352-c	{#*nigarhaRIya#}¦ <lex>n.</lex> (<ab>sc.</ab> {#karman#}) {%Tadel, Rüge%} <ls>MAHĀVY. 265,5</ls>. Richtig {#vi˚#}.	bhs,sch	
pElottika	7-359-d	{#*pElottika#}¦ <lex>n.</lex> <ls>MAHĀVY. 281,242</ls>. <ab>Vgl.</ab> <lang>Pāli</lang> {#pilotikA#}.	bhs,sch	
paRitaka	7-355-c	{#*paRitaka#}¦ <lex>n.</lex> {%Wette%} <ls>MAHĀVY. 281,215</ls>.	bhs,sch	
padmavyUhA	7-355-d	{#*padmavyUhA#}¦ <lex>f.</lex> {%eine <ab>best.</ab>%} <is>Dhāraṇī</is> [Page7-356-a] <ls>MAHĀVY. 25,7</ls>.	bhs,sch	
paligoDa	7-357-b	{#*paligoDa#}¦ <lex>m.</lex> {%Verbot, Verhinderung%} <ls>MAHĀVY. 245,122</ls>. <ab>Vgl.</ab> {#parigoDa#} und {#paliboDa#} in den <is>Aśoka</is>-Inschriften.	bhs,sch	
paraMparaBojana	7-356-b	{#*paraMparaBojana#}¦ <lex>n.</lex> {%das von einem Mahle zum andern Gehen%} <ls>MAHĀVY. 261,35</ls>.	bhs,sch	
parijetar	7-356-c	{#*parijetar#}¦ <ab>Nom. ag.</ab> {%Sieger%} <ls>MAHĀVY. 126,62</ls>.	bhs,sch	
paripUri	7-356-c	{#*paripUri#}¦ {%Erfütlung%} <ls>MAHĀVY. 244,71</ls>. Richtig <lang>Pāli</lang> {#pAripUrI#}.	bhs,sch	
popPala	7-359-d	{#*popPala#}¦ <lex>n.</lex> prākritisch für {#pUgaPala#} <ls>MAHĀVY. 231,33</ls>.	bhs,sch	
praSAntaviniScayaprAtihAryanirdeSa	7-362-a	{#*praSAntaviniScayaprAtihAryanirdeSa#}¦ <lex>m.</lex> Titel eines <is>Sūtra</is> <ls>MAHĀVY. 65,52</ls>.	bhs,sch	
ratirAgA	7-370-c	{#*ratirAgA#}¦ <lex>f.</lex> <ab>N. pr.</ab> einer <is>Tantra</is>Gottheit <ls>MAHĀVY. 197,56</ls>.	bhs,sch	
saMkaTya	7-379-c	{#*saMkaTya#}¦ = {#sAM˚#} <ls>MAHĀVY. 245</ls>.	bhs,sch	
saMmodanIya	7-381-c	{#*saMmodanIya#}¦ <lex>Adj.</lex> {%freundlich%} <ls>MAHĀVY. 145</ls>.	bhs,sch	
saMmuKavinaya	7-381-b	{#*saMmuKavinaya#}¦ <lex>m.</lex> etwa {%ein Verweis unter vier Augen%} <ls>MAHĀVY. 264</ls>.	bhs,sch	
saMpraKyAna	7-381-b	{#*saMpraKyAna#}¦ <lex>n.</lex> <ls>MAHĀVY. 133</ls>.	bhs,sch	
saMprajAna	7-381-b	{#*saMprajAna#}¦ (!) <ab>dass.</ab> <ls>MAHĀVY. 281</ls>.	bhs,sch	
saMprayuktaka	7-381-b	{#*saMprayuktaka#}¦ <lex>Adj.</lex> {%mitwirkend%} <ls>MAHĀVY. 114</ls>.	sch,ap	
sarvaroDaviroDasaMpraSamana	7-382-a	{#*sarvaroDaviroDasaMpraSamana#}¦ <lex>m.</lex> {%ein <ab>best.</ab>%} <is>Samādhi</is> <ls><ab>ebend.</ab> 21,101</ls>.	bhs,sch	
talavarga	7-345-b	{#*talavarga#}¦ <lex>m.</lex> {%ein <ab>best.</ab> Amt%} oder {%Beruf%} 〔186,54〕.	bhs,sch	
tilakocavaka	7-345-d	{#*tilakocavaka#}¦ <lex>n.</lex> {%eine Art Pfeil%} <ls>MAHĀVY. 238,29</ls>.	bhs,sch	
tuRava	7-346-a	{#*tuRava#}¦ <lex>m.</lex> {%eine Art Trommel%} <ls>MAHĀVY. 218,8</ls>. <ab>Vgl.</ab> <lang>Pāli</lang> {#tiRava#}.	bhs,sch	
uBayatoBAgavimukta	7-325-d	{#*uBayatoBAgavimukta#}¦ <lex>Adj.</lex> <ab>Bez.</ab> eines <is>Śrāvaka</is> {%auf einer <ab>best.</ab> Stufe seiner Entwickelung%} <ls>MAHĀVY. 46</ls>.	bhs,sch	
ucCaNga	7-322-b	{#*ucCaNga#}¦ <lex>n.</lex> {%eine <ab>best.</ab> hohe Zahl%} <ls>MAHĀVY. 248</ls>. <ab>Vgl.</ab> {#utsaNga#}.	bhs,sch	
udguraRa	7-323-d	{#*udguraRa#} und {#*udgUraRa#}¦ <lex>n.</lex> {%das Drohen [Page7-324-a] mit der Hand%} <ls>MAHĀVY. 261,53</ls>.	bhs,sch	
ullaNGikA	7-326-a	{#*ullaNGikA#}¦ <lex>f.</lex> {%Sprung%} <ls>MAHĀVY. 263,24</ls>.	bhs,sch	
ulluka	7-326-a	{#*ulluka#}¦ <lex>m.</lex> = {#uluka#} <ls>MAHĀVY. 167,53</ls>.	bhs,sch	
uluka	7-326-a	{#*uluka#}¦ <lex>m.</lex> <ab>N. pr.</ab> eines Schlangendamons <ls>MAHĀVY. 167,53</ls>. <ab>Vgl.</ab> {#ulUka, ulluka#}.	bhs,sch	
upacAyaka	7-324-c	{#*˚upacAyaka#}¦ <lex>Adj.</lex> {%ehrend%} <ls>MAHĀVY. 126</ls>.	bhs,sch	
upadrotar	7-324-d	{#*upadrotar#}¦ <ab>Nom. ag.</ab> {%der Jmd anführt, Angreifer%} <ls>MAHĀVY. 146</ls>.	bhs,sch	
uparima	7-325-a	{#*uparima#}¦ <lex>Adj.</lex> {%der obere%} <ls>MAHĀVY. 15</ls>.	bhs,sch	
upaskIrRa	1-299-a	{#*upaskIrRa#}¦ <lex>n.</lex> etwa {%das Geschundenwerden%}.	sch,vcp	
utkArika	7-322-c	{#*utkArika#}¦ <ls>MAHĀVY. 245,1210</ls>.	bhs,sch	
utkfzwikA	7-322-c	{#*utkfzwikA#}¦ <ls>MAHĀVY. 263,18</ls>. <ls n="MAHĀVY. 263,">84</ls>.	bhs,sch	
utkuwukikA	7-322-c	{#*utkuwukikA#}¦ <lex>f.</lex> <ab>Instr.</ab> {%kauernd%} <ls>MAHĀVY. 263,25</ls> ({#ukku˚#} <ab>gedr.</ab>).	bhs,sch	
utsadana	7-323-b	{#*utsadana#}¦ <lex>n.</lex> {%das Einreiben%} <ls>MAHĀVY. 245,379</ls>. Richtig wäre {#utsAdana#}; <ab>vgl.</ab> {#ucCAdana#}.	bhs,sch	
uttaramantrin	7-323-a	{#*uttaramantrin#}¦ <lex>m.</lex> <ab>Pl.</ab> <ab>N. pr.</ab> eines mythischen Landes <ls>MAHĀVY. 154</ls>.	bhs,sch	
valganA	7-373-a	{#*valganA#}¦ <lex>f.</lex> ? <ls>MAHĀVY. 245,1151</ls>.	bhs,sch	
viSAta	7-375-c	{#*viSAta#}¦ <lex>Adj.</lex> ? <ls>MAHĀVY. 99</ls>.	bhs,sch	
viWapana	7-374-b	{#*viWapana#}¦ <lex>n.</lex> <ls>MAHĀVY. 245,827</ls> prākritisch für {#vizWApana#}.	bhs,sch	
vipravAdana	7-375-a	{#*vipravAdana#}¦ <lex>n.</lex> ? <ls>MAHĀVY. 281,229</ls>.	bhs,sch	
vitaRqana	7-374-b	{#*vitaRqana#}¦ <lex>n.</lex> {%Krittelei%} <ls>MAHĀVY. 261,11</ls>.	bhs,sch	
ADAraRamudra	7-318-a	{#*ADAraRamudra#}¦ <lex>m.</lex> {%ein <ab>best.</ab>%} <is>Samādhi</is> <ls>MAHĀVY. 21</ls>.	sch	
AdeSanAprAtihArya	7-318-a	{#*AdeSanAprAtihArya#}¦ <lex>n.</lex> <ab>Bez.</ab> {%einer der Wunderkräfte eines%} <is>Buddha</is> <ls>MAHĀVY. 16</ls>.	sch	
Adftatva	5-249-a	{#*Adftatva#}¦ <lex>n.</lex> {%das Geehrtsein, Berühmtheit%} <ls>ŚĀŚVATA 190</ls>.	sch	
AjYApanIya	7-317-b	{#*AjYApanIya#}¦ <lex>Adj.</lex> wohl {%zum Befehlen geeignet%} <ls>MAHĀVY. 20,27</ls>.	sch	
AkArAnapakAra	7-316-c	{#*AkArAnapakAra#}¦ <lex>m.</lex> {%ein <ab>best.</ab>%} <is>Samādhi</is> <ls>MAHĀVY. 21</ls>.	sch	
Alasyavant	5-249-b	{#*Alasyavant#}¦ <lex>Adj.</lex> {%träge, faul%} <ls>DEŚĪN. 1,46</ls>.	sch	
AmizakiMcitka	7-319-a	{#*AmizakiMcitka#}¦ <lex>Adj.</lex> {%mit irgend einem selbstsüchtigen Zweck verbunden%} <ls>MAHĀVY. 261,26</ls>.	sch	
AnApAnasmfti	7-318-b	{#*AnApAnasmfti#}¦ <lex>f.</lex> {%eine <ab>best.</ab> Uebung des Geistes%} <ls>MAHĀVY. 53</ls>.	sch	
Ari	7-319-b	{#*Ari#}¦ <lex>f.</lex> {%eine%} <is>Khadira</is>-{%Art%} <ls>RĀJAN. 8,30</ls>.	sch	
AryabrahmaviSezacittaparipfcCA	7-319-c	{#*AryabrahmaviSezacittaparipfcCA#}¦ <lex>f.</lex> Titel eines Werkes <ls>MAHĀVY. 65</ls>.	sch	
Awavakayakza	7-317-b	{#*Awavakayakza#}¦ <lex>m.</lex> <ab>Bez.</ab> {%eines <ab>best.</ab>%} <is>Yakṣa</is> <ls>MAHĀVY. 169</ls>.	sch	
BAtkUwa	5-262-b	{#*BAtkUwa#}¦ <lex>m.</lex> <ab>v. l.</ab> für {#BAkUwa#} <ls>ZACH. Beitr.</ls>	sch	
BAvaBawa	7-365-b	{#*BAvaBawa#}¦ <lex>m.</lex> <ab>N. pr.</ab> <ls>MAHĀVY. 177,7</ls> fehlerhaft für {#vAgBawa#}.	sch	
CaRqikAvArika	7-342-b	{#*CaRqikAvArika#}¦ <lex>m.</lex> {%ein <ab>best.</ab> Klosterdiener%} <ls>MAHĀVY. 274,20</ls>.	sch	
CandadAyaka	7-342-b	{#*CandadAyaka#}¦ <lex>Adj.</lex> {%seine Zustimmung gebend%} <ls>MAHĀVY. 281,207</ls>.	sch	
CandapariSudDi	7-342-b	{#*CandapariSudDi#}¦ <lex>f.</lex> {%wohlüberlegte Willensäusserung%} <ls>MAHĀVY. 265,19</ls>.	sch	
CandapratyudDAra	7-342-b	{#*CandapratyudDAra#}¦ <lex>m.</lex> {%Zurückziehung seiner Stimme, Aufhebung eines Beschlusses%} <ls>MAHĀVY. 261,57</ls>.	sch	
CandavAsin	7-342-b	{#*CandavAsin#}¦ <lex>Adj.</lex> {%nach Belieben seine Wohnung wählend%} <ls>MAHĀVY. 281,248</ls>.	sch	
Cinnaplotika	7-342-c	{#*Cinnaplotika#}¦ <lex>Adj.</lex> {%offen vor Einem liegend%} <ls>MAHĀVY. 63,27</ls>.	sch	
DvAjavadAyani	5-257-b	{#*DvAjavadAyani#}¦ <lex>m.</lex> <ab>Patron.</ab> von {#DvAjavada#} <ls><ab>ebend.</ab></ls>	sch	
DvAjavatAyani	5-257-b	{#*DvAjavatAyani#}¦ <lex>m.</lex> <ab>Patron.</ab> von {#DvAjavata#} <ls><ab>ebend.</ab></ls>	sch	Y
DvAjavata	5-257-a	{#*DvAjavata#}¦ <lex>m.</lex> <ab>N. pr.</ab> eines Mannes <is>gaṇa</is> {#tikAdi#} [Page5-257-b] in der <ls>KĀŚ.</ls>	sch	Y
DvanilAlA	5-257-a	{#*DvanilAlA#} und {#*DvanilIlA#}¦ <lex>f.</lex> <ab>v. l.</ab> für {#DvaninAlA#} <ls>ZACH. Beitr. 92</ls>.	sch	
EcCantika	7-328-a	{#*EcCantika#}¦ <lex>Adj.</lex> <ls>MAHĀVY. 110</ls>. Vielleicht fehlerhaft für {#EcCAntika#}.	sch	
Izatpramaya	4-296-b	{#*Izatpramaya#}¦ vielleicht auch {%leicht zu messen%}.	sch	
Jakawa	5-255-a	{#*Jakawa#}¦ <ls>ZACH. Beitr.</ls>	sch	
KaRqaPulla	7-336-b	{#*KaRqaPulla#}¦ <lex>Adj.</lex> {%zerrüttet, délabré%} <ls>MAHĀVY. 281,225</ls>.	sch	
Keqqa	5-253-a	{#*Keqqa#} und {#*˚tAla#}¦ <ls>ZACH. Beitr.</ls>	sch	
PaNgA	5-261-b	{#*PaNgA#}¦ <lex>f.</lex> {%ein <ab>best.</ab> Gemüse%} <ls>ZACH. Beitr.</ls>	sch	
Paraka	5-261-b	{#*Paraka#}¦ <lex>m.</lex> = {#Palaka#} oder {#sParaka#} {%Schild%} <ls>ZACH. Beitr.</ls> und <ls>NÖLDEKE</ls> in <ls>Sitzungsberichte der Berliner Akademie 1883, S. 1109</ls>.	sch	
UKala	3-257-c	{#*UKala#}¦ <lex>m.</lex> {%ein Andropogon%} <ls>RĀJAN. 8,126</ls>.	sch	
UhApohasamarTa	7-326-c	{#*UhApohasamarTa#}¦ <lex>Adj.</lex> {%fähig%} (das Erforderliche) {%hinzuzufügen oder abzuziehen%} <ls>MAHĀVY. 245,1061</ls>.	sch	
UhanA	7-326-c	{#*UhanA#}¦ ({#UhAnA#} <ab>geschr.</ab>) <lex>f.</lex> = {#UhA#} <ls>MAHĀVY. 245,1060</ls>.	sch	
UnaviMSativarzopasaMpAdana	7-326-b	{#*UnaviMSativarzopasaMpAdana#}¦ <lex>n.</lex> {%das Weihen eines Mönchs vor seinem 20sten Jahre%} <ls>MAHĀVY. 261</ls>.	sch	
UrRAparikarmaRa	7-326-b	{#*UrRAparikarmaRa#}¦ (!) <lex>m.</lex> {%das Waschenlassen%} <ab>u. s. w.</ab> {%von Wolle durch nichtverwandte Frauen%} <ls>MAHĀVY. 260</ls>.	sch	
UyamAnavarDana	7-326-b	{#*UyamAnavarDana#}¦ ({#uyamAna˚#} <ab>geschr.</ab>) <lex>n.</lex> {%das Webenlassen eines Gewandes in grösseren Umfange%} (als der Geber beabsichtigte) <ls>MAHĀVY. 260</ls>.	sch	
aBedyaparivAra	7-306-d	{#*aBedyaparivAra#}¦ <lex>m.</lex> {%ein undurchdringlicher Kreis von Umstehenden%} <ls>MAHĀVY. 244</ls>.	sch	
aBisaMkzepikam	7-306-c	{#*aBisaMkzepikam#}¦ <lex>Adv.</lex> <ls>MAHĀVY. 245</ls>. <ls n="MAHĀVY.">1069</ls>.	sch	
aRqAraka	1-284-b	{#*aRqAraka#}¦ <lex>m.</lex> <ab>N. pr.</ab> eines Mannes. <ab>Pl.</ab> {%sein Geschlecht%} <ls>KĀŚ.</ls> zu <ls>P. 2,4,69</ls>.	sch	
aSOklya	6-296-c	{#*aSOklya#}¦ <lex>n.</lex> <ab>Nom. abstr.</ab> <ls>PAT.</ls> zu <ls>P. 5,1,119, Vārtt. 10</ls>.	sch	
aSiTilatva	6-296-b	{#*aSiTilatva#}¦ <lex>n.</lex> <ab>Nom. abstr.</ab> <ls>PAT.</ls> zu <ls>P. 5,1,119, Vārtt. 9</ls>.	sch	
aSvakAya	7-313-c	{#*aSvakAya#}¦ <lex>m.</lex> {%Cavallerie%} <ls>MAHĀVY. 183</ls>.	sch	
aSvasta	6-296-c	{#*aSvasta#}¦ <lex>Adj.</lex> <ls>P. 7,2,16</ls>, <ab>Sch.</ab> fehlerhaft für {#ASvasta#}, wie <ls>KĀŚ.</ls> liest.	sch	
abBogIna	4-294-a	{#*abBogIna#}¦ <lex>Adj.</lex> <ls>MAHĀBH. 5,4,b.</ls>	sch	
acCamaRqaka	5-241-a	{#*acCamaRqaka#}¦ <ls>ZACH. Beitr.</ls>	sch	
acintyaja	3-247-b	{#*acintyaja#}¦ <lex>m.</lex> {%Quecksilber%} <ls>RĀJAN. 13,109</ls>.	sch	
agArdaBaraTika	2-285-c	{#*agArdaBaraTika#}¦ <lex>Adj.</lex> {%nicht für einen von Eseln gezogenen Wagen geeignet%}.	sch	
agfhapati	1-283-a	{#*agfhapati#} und {#*˚ka#}¦ <is>gaṇa</is> {#cArvAdi#}.	sch	
agopa	1-283-a	<hom>1.</hom> {#*agopa#}¦ <lex>m.</lex> {%kein Kuhhirt%} <ls>P. 2,2,14</ls>, <ab>Sch.</ab>	sch	
agozpada	2-286-a	{#*agozpada#}¦ <lex>Adj.</lex> {%nicht von Rindern besucht%}.	sch	
agrAmyakanda	2-286-a	{#*agrAmyakanda#}¦ <lex>m.</lex> {%ein <ab>best.</ab> Zwiebelgewächs%}.	sch	
agraBojana	1-283-b	{#*agraBojana#}¦ <lex>n.</lex> {%der erste Bissen%} <ls>P. 4,4,66</ls>, <ab>Sch.</ab>	sch	Y
ajakranda	1-284-a	{#*ajakranda#}¦ <lex>m.</lex> <ab>Pl.</ab> <ab>N. pr.</ab> einer Völkerschaft <ls>KĀŚ.</ls> zu <ls>P. 4,2,125</ls>.	sch	
ajanASam	1-284-a	{#*ajanASam#}¦ <ab>Absol.</ab> {%wie eine Ziege verloren geht%} <ls>P. 3,3,45</ls>, <ab>Sch.</ab>	sch	
akaSApa	1-282-a	{#*akaSApa#}¦ <lex>m.</lex> <ab>N. pr.</ab> eines Mannes <is>gaṇa</is> {#SuBrAdi#} in der <ls>KĀŚ.</ls>	sch	
akata	1-282-a	{#*akata#}¦ <lex>Adj.</lex> <ls>P. 5,1,121</ls>.	sch	
alipta	7-310-a	{#*alipta#}¦ <lex>Adj.</lex> {%unbefleckt%} <ls>MAHĀVY. 19</ls>.	sch	Y
amAyAvin	7-307-c	{#*amAyAvin#}¦ <lex>Adj.</lex> {%nicht hinterlistig%} <ls>MAHĀVY. 126</ls>.	sch	
amftanirgama	5-244-c	{#*amftanirgama#}¦ <lex>m.</lex> <ab>desgl.</ab> <ls>ZACH. Beitr.</ls>	sch	
anATakuwI	1-288-a	{#*anATakuwI#} und {#*anATasaBA#}¦ <lex>f.</lex> <ls>P. 2,4,24</ls>, <ab>Sch.</ab>	sch	
antrAvaraRa	5-243-b	{#*antrAvaraRa#}¦ <lex>n.</lex> {%Eingeweide%} <ls>DEŚĪN. 1,85</ls>. <ls n="DEŚĪN. 1,">157</ls>.	sch	
anuKaqgam	1-289-a	{#*anuKaqgam#}¦ <lex>Adv.</lex> <is>gaṇa</is> {#parimuKAdi#} in der <ls>KĀŚ.</ls>	sch	
apaTakalpanA	4-292-c	{#*apaTakalpanA#}¦ bedeutet {%Neid, Missgunst%} nach <ls>GAL.</ls>	sch	
aparacAnarAwa	2-290-a	{#*aparacAnarAwa#}¦ <lex>n.</lex> <ab>N. pr.</ab> einer Oertlichkeit <ls>KĀŚ.</ls> zu <ls>P. 6,2,103</ls>.	sch	
aparezukAzaSamI	1-291-b	{#*aparezukAzaSamI#}¦ <lex>f.</lex> <ab>N. pr.</ab> <ls>KĀŚ.</ls> zu <ls>P. 2,1,50</ls>.	sch	
arUpabrahmaDAtu	7-308-d	{#*arUpabrahmaDAtu#}¦ (<ab>v. l.</ab> {#arUpya˚#}) <lex>m.</lex> oder <lex>f.</lex> <ab>N. pr.</ab> einer ätherischen Region <ls>MAHĀVY. 155</ls>.	sch	
arUpyabrahmaDAtu	7-308-d	{#*arUpyabrahmaDAtu#}¦ <ab>s.</ab> {#arUpa˚#}	sch	
araRyacArI	5-245-a	{#*araRyacArI#}¦ <lex>f.</lex> {%eine <ab>best.</ab> Pflanze%} <ls>DEŚĪN. 2,6</ls>.	sch	
arhadGawIcakra	7-309-d	{#*arhadGawIcakra#}¦ <lex>n.</lex> {%eitler Wortschwall%} oder {%Blendwerk%} <ls>MAHĀVY. 139</ls>.	sch	
arkAtmaja	3-253-c	{#*arkAtmaja#}¦ <lex>m.</lex> {%der Planet Saturn%} <ls>RĀJAN. 13,199</ls>.	sch	
artni	5-245-a	{#*artni#}¦ <lex>m.</lex> = <hom>1.</hom> {#aratni#} <ls>SUBHŪTI</ls> bei <ls>RĀYAMUKUṬA</ls> zu <ls>AK.</ls> nach <ls>AUFRECHT</ls>.	sch	
asTI	7-315-d	{#*asTI#}¦ <lex>Adv.</lex> mit {#kar#} {%mit Eifer betrieben%} <ls>MAHĀVY. 99</ls>. Richtig {#AsTI#}.	sch	
asaMlulita	5-248-a	{#*asaMlulita#}¦ <lex>Adj.</lex> {%nicht verwirrt%} (Haar) <ls>VYUTP. 12</ls>.	sch	
asaMmatAvavAda	7-315-a	{#*asaMmatAvavAda#}¦ <lex>m.</lex> {%unautorisirtes Predigen%} <ls>MAHĀVY. 261</ls>.	sch	
asiDAra	7-315-b	{#*asiDAra#}¦ <lex>m.</lex> {%eine <ab>best.</ab> Hölle%} <ls>MAHĀVY. 215</ls>.	sch	
astamitAvavAda	7-315-c	{#*astamitAvavAda#}¦ <lex>m.</lex> {%das Predigen nach Sonnenuntergang%} <ls>MAHĀVY. 261</ls>.	sch	
astraKadira	5-248-b	{#*astraKadira#}¦, <ab>vgl.</ab> {#*asraKadira#}, welches nach <ls>LEUMANN</ls> wohl richtiger ist.	sch	
atfptikft	2-287-c	{#*atfptikft#}¦ <lex>Adj.</lex> = {#asecana#} <ls>HĀR. 220</ls>.	sch	
atimahiman	1-285-a	{#*atimahiman#}¦ <lex>Adj.</lex> {%überaus gross%} <ls>P. 4,1,11</ls>, <ab>Sch.</ab>	sch	
atisvan	1-285-b	{#*atisvan#}¦ <ab>v. l.</ab> für {#atiSvan#} <is>gaṇa</is> {#pakzAdi#} in der <ls>KĀŚ.</ls>	sch	
avEvartacakra	7-312-c	{#*avEvartacakra#}¦ <lex>n.</lex> Titel eines Werkes <ls>MAHĀVY. 651</ls>.	sch	
avadravya	5-246-a	{#*avadravya#}¦ <lex>n.</lex> <ab>v. l.</ab> für {#apadravya#} <ls>ZACH. Beitr.</ls>	sch	Y
avagaRanA	5-246-a	{#*avagaRanA#}¦ <lex>f.</lex> {%Geringschätzung, Verachtung%} <ls>DEŚĪN. 1,17</ls>.	sch	
avanaha	7-310-d	{#*avanaha#}¦ <lex>m.</lex> {%Ausstopfung%} <ls>MAHĀVY. 261,90</ls>.	sch	
avaracAmara	7-311-a	{#*avaracAmara#}¦ <lex>m.</lex> <ab>N. pr.</ab> eines <is>Dvīpa</is> <ls>MAHĀVY. 154</ls>.	sch	
avasnAna	5-246-b	{#*avasnAna#}¦ <lex>n.</lex> {%Mehl von Linsen%} <ab>u. s. w.</ab> <ls>DEŚĪN. 2,110</ls>.	sch	
avazwamBanatA	7-311-b	{#*avazwamBanatA#}¦ <lex>f.</lex> {%das Sichstützen auf%} (<ab>Loc.</ab>) <ls>MAHĀVY. 192</ls> ({#daRqe 'va˚#} zu lesen).	sch	
avijYapti	7-311-d	{#*avijYapti#}¦ <lex>f.</lex> {%das Nichtzuerkennengeben, Nichtäusserung%} (einer Regung) <ls>MAHĀVY. 101</ls>.	sch	
avipariRAmavartin	7-312-a	{#*avipariRAmavartin#}¦ <lex>Adj.</lex> {%nicht der Veränderung%} oder {%Umwandlung unterworfen%} <ls>MAHĀVY. 245,881</ls>.	sch	
avyantIkfta	7-312-d	{#*avyantIkfta#}¦ <lex>Adj.</lex> {%nicht entfernt, — entlassen%} <ls>MAHĀVY. 245,637</ls>.	sch	
ayaHSalmalIvana	7-308-a	{#*ayaHSalmalIvana#}¦ <lex>n.</lex> {%eine <ab>best.</ab> Hölle%} <ls>MAHĀVY. 215</ls>.	sch	
ayavana	5-244-c	{#*ayavana#}¦ <lex>n.</lex> {%das Nichtvermischen%} <ls>SĀY.</ls> zu <ls>ŚAT. BR. 1,7,2,26</ls> in einer Etymologie.	sch	
ayonitva	6-295-c	{#*ayonitva#}¦ <lex>n.</lex> <ab>Nom. abstr.</ab> <ls>PAT.</ls> zu <ls>P. 5,1,119. Vārtt. 9</ls>.	sch	
ayugalaparRa	5-244-c	{#*ayugalaparRa#}¦ <lex>m.</lex> <ab>dass.</ab> <ls><ab>ebend.</ab> S. 23, Z. 6</ls>.	sch	
ayukparRa	5-244-c	{#*ayukparRa#}¦ <lex>m.</lex> {%<bot>Alstonia scholaris</bot>%} <ls>DEŚĪN. S. 9, Z. 8</ls>.	sch	
azwamakaBUmi	7-313-d	{#*azwamakaBUmi#}¦ <lex>f.</lex> {%eine der zum heiligen Wandel führenden Stufen%} <ls>MAHĀVY. 150</ls>.	sch	
baliSi	5-261-b	{#*baliSi#} und {#*baliSI#}¦ <lex>f.</lex> {%Angel%}. {#va˚#} geschrieben.	sch	
cAmarajju	5-254-b	{#*cAmarajju#}¦ <lex>f.</lex> <is>gaṇa</is> {#devapaTAdi#} in der <ls>KĀŚ.</ls> {#vAmarajju#} <ab>v. l.</ab>	sch	
cArumanta	7-341-b	{#*cArumanta#}¦ <lex>m.</lex> wohl = {#cArumant#} 1〉 <ls>MAHĀVY. 180,10</ls>.	sch	
caturdant	7-340-b	{#*caturdant#}¦ <lex>Adj.</lex> {%vier Zähne habend%} <ls>KĀŚ.</ls> zu <ls>P. 5,4,141</ls>.	sch	
caturyoginIsaMpuwa	6-301-a	{#*caturyoginIsaMpuwa#}¦ Titel eines Werkes <ls>TĀRAN. 331</ls>.	sch	
cetaHparyAyajYAna	7-342-a	{#*cetaHparyAyajYAna#}¦ <lex>n.</lex> {%Kenntniss dessen, was im Geiste Anderer vorgeht,%} <ls>MAHĀVY. 14</ls>.	sch	
cittAnuparivartin	7-387-d	{#*cittAnuparivartin#}¦ <lex>Adj.</lex> {%den Gedanken folgend%} <ls>MAHĀVY. 109,85</ls>.	sch	
cyutisaMkrama	7-342-a	{#*cyutisaMkrama#}¦ <lex>m.</lex> {%der Uebergang in eine andere Geburt%} <ls>MAHĀVY. 148,13</ls>.	sch	
cyutyupapatti	7-342-a	{#*cyutyupapatti˚#}¦ {%das Verschwinden aus einer Welt und das Geborenwerden in einer andern%} <ls>MAHĀVY. 7</ls>.	sch	
dIkzya	5-256-b	{#*dIkzya#}¦ <lex>Adj.</lex> = {#dIkzaRIya, Sizya#} <ls>ZACH. Beitr.</ls>	sch	
dOzWulya	7-349-c	{#*dO[H]zWulya#}¦ <lex>n.</lex> {%schlechtes Betragen%} <ls>MAHĀVY. 109,20</ls>.	bhs	
dUrAdDi	3-264-a	{#*dUrAdDi#}¦ <ab>s. u.</ab> {#dO/rArdDi#}.	sch	
duzWulArocana	7-348-d	{#*duzWulArocana#}¦ <lex>n.</lex> {%das Verrathen eines argen Vergehens an eine nicht geweihte Person%} <ls>MAHĀVY. 261,6</ls>.	sch	
duzWulapraticCAdana	7-348-d	{#*duzWulapraticCAdana#}¦ <lex>n.</lex> {%das Verheimlichen eines argen Vergehens%} <ls>MAHĀVY. 261,54</ls> ({#duzWulA˚#} <ab>gedr.</ab>).	sch	
ekagraha	2-296-b	{#*ekagraha#}¦ <lex>m.</lex> = {#asadgraha#} 2〉 <ls>H. an. 2,87</ls>.	sch	
ekajvAlI	7-327-a	{#*ekajvAlI#}¦ <lex>Adv.</lex> mit {#BU#} {%ganz in Glut gerathen%} <ls>MAHĀVY. 223,178</ls>.	sch	
eqavaRa	7-327-d	{#*eqavaRa#} und {#*eqavarRa#}¦ <lex>m.</lex> <ab>desgl.</ab> <ls><ab>ebend.</ab></ls>	sch	
evaMBAgIya	7-328-a	{#*evaMBAgIya#}¦ <lex>Adj.</lex> {%von solcher Art%} <ls>MAHĀVY. 104</ls>.	sch	
evaMpramuKa	7-328-a	{#*evaMpramuKa#}¦ <lex>Adj.</lex> {%solches an der Spitze habend%} <ls>MAHĀVY. 244</ls>.	sch	
evaMsaMjYin	7-328-a	{#*evaMsaMjYin#}¦ <lex>Adj.</lex> {%eine solche Vorstellung habend%} <ls>MAHĀVY. 15</ls>.	sch	
evaMyukta	4-297-b	{#*evaMyukta#}¦ <lex>Adj.</lex> {%so beschaffen%} <ls>MAHĀBH. 5,57,b.</ls>	sch	
evamAyuzyaparyanta	7-328-a	{#*evamAyuzyaparyanta#}¦ <lex>Adj.</lex> {%von solcher Lebensdauer%} <ls>MAHĀVY. 15</ls>.	sch	
gaNgezwikA	5-253-b	{#*gaNgezwikA#}¦ <lex>f.</lex> {%ein <ab>best.</ab> Baum%} <ls>ZACH. Beitr.</ls>	sch	
gaRqIkowanaka	7-337-b	{#*gaRqIkowanaka#}¦ <lex>n.</lex> {%der Klöpfel eines solchen Gong%} <ls>MAHĀVY. 279</ls>. <ab>Vgl.</ab> {#gaRqirAkowitA#} <ls>DIVYĀVAD. 335,13</ls>.	sch	
gaYjapati	7-336-d	{#*gaYjapati#}¦ <lex>m.</lex> etwa {%Schatzmeister%} <ls>MAHĀVY. 186,32</ls>.	sch	
glaTamlaTa	7-339-d	{#*glaTamlaTa#}¦ (!) <lex>m.</lex> <ls>MAHĀVY. 245,1166</ls>.	sch	
goSAlIputra	7-339-b	{#*goSAlIputra#}¦ ({#goSalI˚#} <ab>gedr.</ab>) <lex>m.</lex> = {#goSAli#} <ls>MAHĀVY. 179</ls>.	sch	
grAvaReya	2-300-b	{#*grAvaReya#}¦ <lex>m.</lex> <ab>Pl.</ab> <ab>N. pr.</ab> eines Kriegerstammes. <ab>Sg.</ab> {%ein Fürst desselben%} <is>gaṇa</is> {#yODeyAdi#} in der <ls>KĀŚ.</ls>	sch	
guRastu	7-338-b	{#*guRastu#} <lex>n.</lex> und {#*˚stU#} <lex>f.</lex>¦ {%Baumwolle%} <ls>RĀJAN. 4,191</ls> nebst <ab>v. l.</ab>	sch	
ikawI	5-249-c	{#*ikawI#}¦ oder {#*ikkawI#} <lex>f.</lex> {%eine <ab>best.</ab> Pflanze%} <ls>ZACH. Beitr.</ls>	sch	
indrotTApana	5-249-c	{#*indrotTApana#}¦ <lex>n.</lex> {%das Erwecken%} <is>Indra</is>ʼs <ls>DEŚĪN. 1,82</ls>. <ab>Vgl.</ab> <ls>WILSON, Sel. Works 1,127</ls>.	sch	
jYAnAnuparivartin	7-344-a	{#*jYAnAnuparivartin#}¦ <lex>Adj.</lex> {%der höheren Erkenntniss folgend%} <ls>MAHĀVY. 9,14</ls>.	sch	
jamBam	7-343-a	{#*jamBam#}¦ <ab>Absol.</ab> <ls>KĀŚ.</ls> zu <ls>P. 7,1,61</ls>.	sch	
janapadakalyARa	7-342-d	{#*janapadakalyARa#}¦ <lex>n.</lex> Titel einer Erzählung <ls>MAHĀVY. 245,1222</ls>.	sch	
javanaprajYa	7-343-b	{#*javanaprajYa#}¦ <lex>Adj.</lex> {%schnell begreifend%} <ls>MAHĀVY. 48,29</ls>.	sch	
jawAmaha	7-342-c	{#*jawAmaha#}¦ <lex>m.</lex> {%ein <ab>best.</ab> Fest%} <ls>MAHĀVY. 229</ls>.	sch	
jihvAniScAraka	7-343-c	{#*jihvAniScAraka˚#}¦ <lex>Adv.</lex> {%mit Ausstreckung der Zunge%} <ls>MAHĀVY. 263,58</ls>.	sch	
jihvAsPowakam	7-343-c	{#*jihvAsPowakam#}¦ <lex>Adv.</lex> {%mit der Zunge schnalzend%} <ls>MAHĀVY. 263,63</ls>.	sch	
jyotirjyotizparAyaRa	7-344-b	{#*jyotirjyotizparAyaRa#}¦ <lex>Adj.</lex> <ls>MAHĀVY. 147,4</ls>.	sch	
jyotistamaHparAyaRa	7-344-b	{#*jyotistamaHparAyaRa#}¦ <lex>Adj.</lex> <ls>MAHĀVY. 147,3</ls>.	sch	
jyotizmati	7-344-b	{#*jyotizmati#}¦ (!) <lex>m.</lex> <ab>N. pr.</ab> eines <is>Bodhisattva</is> <ls>MAHĀVY. 23,54</ls>.	bhs	
jyotizpraBaratna	7-344-b	{#*jyotizpraBaratna#}¦ ({#˚praBA˚#} <ab>gedr.</ab>) <lex>n.</lex> {%ein <ab>best.</ab> Edelstein%} <ls>MAHĀVY. 235,21</ls>.	sch	
kANguzWa	5-252-a	{#*kANguzWa#}¦ <ls>ZACH. Beitr.</ls>	sch	Y
kAkanIla	5-251-c	{#*kAkanIla#}¦ {%ein <ab>best.</ab> Baum%} <ls>ZACH. Beitr.</ls>	sch	
kAlAtikrAnta	7-332-a	{#*kAlAtikrAnta#}¦ <lex>n.</lex> = {#kAlAtikramaRa#} <ls>MAHĀVY. 281,5</ls>.	sch	
kAmamiTyAcAra	7-331-c	{#*kAmamiTyAcAra#}¦ <lex>m.</lex> {%verkehrter Wandel in Betreff sinnlicher Neigungen, das Fröhnen verbotenen sinnlichen <ab n="Neigungen">N.</ab>%} <ls>MAHĀVY. 92</ls>.	sch	
kAraRyakAraka	7-331-c	{#*kAraRyakAraka#}¦ <lex>m.</lex> <ls>MAHĀVY. 186,167</ls> wohl fehlerhaft für {#kAraRAkAraka#} {%Marterer, Henker%}.	sch	
kArttikAtyayika	7-331-d	{#*kArttikAtyayika#}¦ <lex>n.</lex> {%das Vergehen eines Mönchs, wenn er ein Extrakleid länger aufbewahrt als bis zum%} <is>Kārttika</is>-{%Vollmond%}. <ls>MAHĀVY. 260,30</ls>.	sch	
kAvAcikA	7-332-a	{#*kAvAcikA#}¦ <lex>f.</lex> <ls>MAHĀVY. 238</ls>, <ab>v. l.</ab>	sch	
kIkasaka	2-298-b	{#*kIkasaka#}¦ <lex>n.</lex> {%Knochen%} <ls>RĀJAN. 18,68</ls>.	sch	
kUwAgAraDAraRI	7-333-c	{#*kUwAgAraDAraRI#}¦ <lex>f.</lex> Titel eines Werkes [Page7-333-d] <ls>MAHĀVY. 65,64</ls>.	sch	
kacavara	5-251-b	{#*kacavara#}¦ <lex>m.</lex> = {#pUrowi#} <ls>ZACH. Beitr.</ls>	sch	
kadAcitkatva	7-329-b	{#*kadAcitkatva#}¦ <lex>n.</lex> <ls>MAHĀVY. 245,159</ls> fehlerhaft für {#kAdA˚#}.	sch	
kakkiRqa	5-251-b	{#*kakkiRqa#}¦ <lex>m.</lex> {%Eidechse%} <ls>ZACH. Beitr.</ls>	sch	
kalAma	7-330-c	{#*kalAma#}¦ <lex>n.</lex> <ls>MAHĀVY. 233</ls> fehlerhaft für {#kalama#} <lex>m.</lex> {%Schreibrohr%}.	sch	
kambaladAya	7-329-d	{#*kambaladAya#}¦ <lex>Adj.</lex> {%ein wollenes Tuch%} <ab>u. s. w.</ab> {%zu schenken im Sinne habend%} <ls>KĀŚ.</ls> zu <ls>P. 3,3,12</ls>.	sch	
kapInfpa	5-251-b	{#*kapInfpa#}¦ <lex>m.</lex> {%ein <ab>best.</ab> Baum,%} = {#rAjAdana#} <ls><ab>Comm.</ab> zu HARṢAC. 198,9</ls>.	sch	
kaqintala	7-329-a	{#*kaqintala#}¦ = {#kaqitula#} <ls>MAHĀVY. 238</ls>.	sch	
karRacCidraka	2-297-b	{#*karRacCidraka#}¦, lies <ls>79, <ab>Sch.</ab></ls>	sch	
karRalAlikA	5-251-c	{#*karRalAlikA#}¦ <lex>f.</lex> = {#karRapASI#} <ls>ZACH. Beitr.</ls>	sch	
karRapASI	5-251-c	{#*karRapASI#} oder {#*˚pAsI#}¦ <lex>f.</lex> = {#karRalAlikA#} <ls>ZACH. Beitr.</ls>	sch	
karRasuvarRa	5-251-c	{#*karRasuvarRa#}¦ <ab>N. pr.</ab> eines Landes <ls>HIOUEN-THSANG</ls>.	sch	
karaReSvara	5-251-c	{#*karaReSvara#}¦ <lex>m.</lex> = {#Atman#} <ls>ZACH. Beitr.</ls>	sch	
karkaru	7-330-a	{#*karkaru#} und {#*mahA˚#}¦ {%eine <ab>best.</ab> Blume%} <ls>MAHĀVY. 240</ls>. {#karkaravaH#} und {#mahA˚#} wohl <ab>Pl.</ab>	sch	
karmadAna	7-330-b	{#*karmadAna#}¦ <lex>n.</lex> <ls>MAHĀVY. 281,160</ls>.	sch	
karmakaRwaka	6-299-c	{#*karmakaRwaka#}¦ <lex>m.</lex> {%<bot>Gardenia latiflora</bot>%} oder {%<bot>Fumaria parviflora</bot>%} <ls>RĀJAN. 5,8</ls>, <ab>v. l.</ab> <ab>Vgl.</ab> {#varmakaRwaka#}.	sch	
karowikA	5-251-c	{#*karowikA#}¦ <lex>f.</lex> = {#karowi#} 1〉 <ls>DEŚĪN. 2,38</ls>. <ls n="DEŚĪN.">6,3</ls>.	sch	
kavaqiMkArAhAra	7-331-a	{#*kavaqiMkArAhAra#}¦ <lex>m.</lex> {%die durch Schlucken (auf natürlichem Wege) aufgenommene Nahrung%} <ls>MAHĀVY. 118</ls>.	sch	
kawapra	2-297-a	{#*kawapra#}¦ <lex>m.</lex> {%Menge%} <ls>DEŚĪN. 2,13</ls>.	sch	
kiMdarA	5-252-a	{#*kiMdarA#}¦ <lex>f.</lex> {%die Laute der%} <is>Caṇḍāla</is> <ls>ZACH. Beitr.</ls> <ab>Vgl.</ab> {#kiMnarA, kiMnarI#}.	sch	
kiMkaraRIyatA	7-332-b	{#*kiMkaraRIyatA#}¦ <lex>f.</lex> = {#kiMkartavyatA#} <ls>MAHĀVY. 245</ls>.	sch	
kilAqa	7-332-c	{#*kilAqa#} und {#*kilAla#}¦ <ls>MAHĀVY. 230,9</ls> wohl = {#kilAwa#} oder {#kIlAla#} 1〉.	sch	
kilikilAyita	7-332-c	{#*kilikilAyita#}¦ <lex>n.</lex> <ab>dass.</ab> <ls>MAHĀVY. 138,28</ls>, <ab>v. l.</ab> (besser).	sch	
kirikARa	2-298-b	{#*kirikARa#}¦ <lex>Adj.</lex> = {#girikARa#} <ls><ab>ebend.</ab></ls>	sch	
kugaRa	7-332-d	{#*kugaRa#}¦ <lex>Adj.</lex> = {#kugaRin#} <ls>MAHĀVY. 245,206</ls>.	sch	
kukkusa	2-298-b	{#*kukkusa#}¦ {%Spreu%} (?) <ls>ŚĪLĀṄKA 2,71</ls>.	sch	
kumBagrIva	2-298-c	{#*kumBagrIva#}¦ <lex>m.</lex> {%eine Art Gefäss%} <ls>DEŚĪN. 2,20</ls>.	sch	
kuwakaRWa	5-252-b	{#*kuwakaRWa#}¦ <lex>m.</lex> {%ein <ab>best.</ab> Gefäss%} <ls>DEŚĪN. 2,20</ls>.	sch	
kuwimaha	7-332-d	{#*kuwimaha#}¦ <lex>m.</lex> = {#kuwImaha#} <ls>MAHĀVY. 229</ls>.	sch	
lapanA	7-371-d	{#*lapanA#}¦ <lex>f.</lex> etwa {%Geklatsch%} <ls>MAHĀVY. 127,59</ls>.	sch	
mAtaNgavedi	6-305-b	{#*mAtaNgavedi#}¦ oder {#*˚vedI#} <lex>f.</lex> = {#vAraRqaka#} 2〉b〉 <ls>H. an. 4,32</ls>. <ls>MED. k. 202</ls>.	sch	
maRinda	6-305-a	{#*˚maRinda#}¦ <lex>m.</lex> etwa {%Knecht%} oder {%Aufseher%}. {#go˚, aSva˚#} <ls>KĀŚ.</ls> zu <ls>P. 6,2,66</ls>.	sch	
merukadambaka	5-263-c	{#*merukadambaka#}¦ <ls>ZACH. Beitr.</ls>	sch	
musuntikA	7-368-d	{#*musuntikA#}¦ <lex>f.</lex> ? <ls>MAHĀVY. 245,667</ls>.	sch	
nEvaSEkzASEkza	7-354-c	{#*nEvaSEkzASEkza#}¦ <lex>m.</lex> {%weder ein%} <is>Śaikṣa</is> {%noch ein%} <is>Aśaikṣa</is>, <ab>d. i.</ab> {%ein unbekehrter Mensch%} <ls>MAHĀVY. 95,10</ls>.	sch	
narakavartman	7-351-d	{#*narakavartman#}¦ <lex>n.</lex> {%vulva;%} <ab>s. u.</ab> {#saMbADa#} 1〉c〉.	sch	
narmAlI	5-257-b	{#*narmAlI#}¦ <lex>f.</lex> <ls>ZACH. Beitr.</ls>	sch	
navAlAbu	3-264-c	{#*navAlAbu#}¦ <lex>f.</lex> <ab>v. l.</ab> für {#nAgAlAbu#} <ls>RĀJAN. 7,160</ls>. <ls>NIGH. PR.</ls>	sch	
niHsaraDArA	7-354-a	{#*niHsaraDArA#}¦ <lex>f.</lex> = {#udakaDArA#} <ls>MAHĀVY. 195,25</ls>.	sch	
nilopam	5-258-a	{#*nilopam#}¦ <ab>Absol.</ab> {%raubend%} <ls>VYUTP. 127</ls>. {#*nilopahAraka#} <lex>Adj.</lex> <ls><ab>ebend.</ab></ls>	sch	
nirgrahasTAna	7-353-a	{#*nirgrahasTAna#}¦ <lex>n.</lex> <ls>MAHĀVY. 200,18</ls> fehlerhaft für {#nigraha˚#}.	sch	
oGopakaraRa	5-251-a	{#*oGopakaraRa#}¦ <lex>n.</lex> als Erklärung von {#pavitra#} {%Besen%} <ls>ZACH. Beitr.</ls>	sch	
ojApratyAhAriRI	7-328-b	{#*ojApratyAhAriRI#}¦ <lex>f.</lex> <ab>N. pr.</ab> einer <is>Tantra</is>-Gottheit <ls>MAHĀVY. 197</ls>. Richtig wohl {#ojapra˚#} oder {#ojaHpra˚#}.	sch	
pAMsusaMcAra	5-259-c	{#*pAMsusaMcAra#}¦ <lex>m.</lex> <ls>ZACH. Beitr. 66. 92</ls>.	sch	
pAjipakzin	5-259-c	{#*pAjipakzin#}¦ <lex>m.</lex> wohl = {#pAjika#} <ls>ZACH. Beitr. 85</ls>.	sch	
pAlIza	4-302-a	{#*pAlIza#}¦ <ab>s.</ab> {#pAlISa#}.	sch	
pAtI	7-357-d	{#*pAtI#}¦ (<ab>eig.</ab> <lang>Pāli</lang>) <lex>f.</lex> = {#pAtrI#} <ls>MAHĀVY. 197,115</ls>.	sch	
pAtrAvalehakam	7-357-d	{#*pAtrAvalehakam#}¦ <lex>Adv.</lex> {%die Schale ableckend%} <ls>MAHĀVY. 263,65</ls>.	sch	
pUraRadvitIyA	7-359-b	{#*pUraRadvitIyA#}¦ <ab>s.</ab> {#purARa˚#}.	sch	
pUrowi	5-260-b	{#*pUrowi#}¦ = {#purowi#} <ls>ZACH. Beitr.</ls>	sch	
pfzWI	7-359-c	{#*pfzWI#}¦ <lex>Adv.</lex> mit {#BU#} {%niedergedrückt —, niedergeschlagen werden%} <ls>MAHĀVY. 130,44</ls>. Richtig {#pizwI#}. <ab>Vgl.</ab> {#vipfzWI#}.	sch	
piNgARaka	5-259-c	{#*piNgARaka#}¦ <ls>ZACH. Beitr. 91. 92</ls>.	sch	
piculikA	5-259-c	{#*piculikA#}¦ <lex>f.</lex> <ls>ZACH. Beitr. 92</ls>.	sch	
pravAritArTAtisevA	7-362-a	{#*pravAritArTAtisevA#}¦ <lex>f.</lex> {%das in der Annahme von freundlichen Anerbietungen bestehende Vergehen%} <ls>MAHĀVY. 261,78</ls>.	sch	
rasarasAgratA	7-370-d	{#*rasarasAgratA#}¦ <lex>f.</lex> (<ls>MAHĀVY. 17,10</ls>) und {#rasarasAgravant#} <lex>Adj.</lex> (<ls>LALIT. 120,19. fg.</ls>). <ab>Vgl.</ab> <ls>Lotus de la b. l. 566. fg.</ls>	sch	
sAMkASikA	7-382-c	{#*sAMkASikA#}¦ <lex>Adj.</lex> <lex>f.</lex> = {#pitrAdigfhezvagnyAdidAyinI#} <ls>VAIJAYANTĪ</ls>, <ls>BHŪMIK.</ls>, <ls>BRĀHMAṆĀDHY. 52</ls> nach <ls>WINTERNITZ</ls>.	sch	Y
sTUlaBittikatA	7-384-a	{#*sTUlaBittikatA#}¦ <lex>f.</lex> ? <ls>MAHĀVY. 85</ls>.	sch	
sUpasaMpanna	7-383-c	{#*sUpasaMpanna#}¦ <lex>Adj.</lex> {%gehörig zum Mönch geweiht%} <ls>MAHĀVY. 48</ls>.	sch	
saMBinnavyaYjanA	7-381-b	{#*saMBinnavyaYjanA#}¦ <lex>f.</lex> {%eine Art Hermaphrodit%} <ls>MAHĀVY. 271</ls>. {#*˚na#} <lex>n.</lex> {%diese Deformität%} <ls n="MAHĀVY.">284</ls>.	sch	
samudrakaleKaka	7-381-a	{#*samudrakaleKaka#}¦ <lex>Adj.</lex> {%mit <ab>best.</ab> ungünstigen Zeichen versehen%} <ls><ab>ebend.</ab> 271,143</ls>. Wohl {#sA˚#} zu lesen.	sch	
svakArTa	7-384-b	{#*svakArTa#}¦ <lex>m.</lex> {%das eigene Interesse%} <ls><ab>ebend.</ab> 48. 126</ls>.	sch	
tAwAvacara	7-345-b	{#*tAwAvacara#}¦ <lex>m.</lex> <ls>MAHĀVY. 218,16</ls> fehlerhaft für {#tAqAvacara#}.	sch	
tIrTikAvakrAntaka	7-346-a	{#*tIrTikAvakrAntaka#}¦ <lex>Adj.</lex> {%der zu einer hetrodoxen Secte übergetreten ist%} <ls>MAHĀVY. 271,4</ls>.	sch	
taTAgatacintyaguhyanirdeSa	7-344-c	{#*taTAgatacintyaguhyanirdeSa#} <lex>m.</lex>, {#*taTAgatajYAnamudrAsamADi#} <lex>m.</lex>, {#*taTAgatamahAkaruRAnirdeSa#} <lex>m.</lex> und {#*taTAgatotpattisaMBavanirdeSa#} <lex>m.</lex>¦ Titel <ab>buddh.</ab> <is>Sūtr	sch	
taTAkArin	7-344-c	{#*taTAkArin#}¦ <lex>Adj.</lex> {%so thuend%} <ls>MAHĀVY. 126,59</ls>.	sch	
tamastamaHparAyaRa	7-345-a	{#*tamastamaHparAyaRa#}¦ <lex>Adj.</lex> <ls>MAHĀVY. 147</ls>.	sch	
tamojyotizparAyaRa	7-345-a	{#*tamojyotizparAyaRa#}¦ <lex>Adj.</lex> <ls>MAHĀVY. 147</ls>.	sch	
trikARqaka	7-346-c	{#*trikARqaka#}¦ <ls>MAHĀVY. 245,313</ls>.	sch	
triprAtihAryasaMpanna	7-346-d	{#*triprAtihAryasaMpanna#}¦ <lex>m.</lex> <ab>Bez.</ab> <is>Buddha</is>ʼs <ls>MAHĀVY. 1,73</ls>.	sch	
uBayAsidDa	7-326-a	{#*uBayAsidDa#}¦ <lex>Adj.</lex> {%weder%} {#svataH sidDa#} {%noch%} {#parataH sidDaH#} <ls>MAHĀVY. 199,91</ls>.	sch	
uSanastArakA	7-326-a	{#*uSanastArakA#}¦ <lex>f.</lex> {%der Abend und Morgenstern%} <ls>MAHĀVY. 71,6</ls>.	sch	
udDftakaWina	7-324-a	{#*udDftakaWina#}¦ <lex>n.</lex> <ls>MAHĀVY. 281,204</ls> = <lang>Pāli</lang> {#kaWinodDAra, kaWinobBAra#}.	sch	
udgAna	3-257-a	{#*udgAna#}¦ <lex>n.</lex> als Erklärung von {#udgITa#} 1〉 <ls><ab>Comm.</ab> zu ĀPAST. ŚR. 5,16,8</ls>.	sch	
udguRWikA	7-323-d	{#*udguRWikA#}¦ <lex>f.</lex> <ab>Instr.</ab> {%mit verschleiertem Gesicht%} <ls>MAHĀVY. 263,17</ls>. Richtig wäre {#avagu˚#}.	bhs	
udyUTikAgamana	7-324-a	{#*udyUTikAgamana#}¦ <lex>n.</lex> etwa {%das Hinrennen [Page7-324-b] zu einem Auflauf%} <ls>MAHĀVY. 261</ls>. <ab>Vgl.</ab> jedoch <lang>Pāli</lang> {#uyyoDika#}.	sch	
uhAra	5-250-c	{#*uhAra#}¦ <lex>m.</lex> {%Schildkröte%} <ls>H. 1353, <ab>Sch.</ab></ls>	sch	
ujjaNkikA	7-322-b	{#*ujjaNkikA#}¦ <lex>f.</lex> {%das Auflachen%} <ls>MAHĀVY. 263</ls>. Richtig ware {#ujjakzikA#}.	bhs	
ulaBIya	2-296-a	{#*ulaBIya#}¦ <lex>m.</lex> {%ein Fürst der%} <is>Ulabha</is> <ls>KĀŚ.</ls> zu <ls>P. 5,3,116</ls>.	sch	
upapadyaparinirvAyin	7-324-d	{#*upapadyaparinirvAyin#}¦ <lex>m.</lex> {%erst nach [Page7-325-a] einer Wiedergeburt das%} <is>Parinirvāṇa</is> {%erlangend%} <ls>MAHĀVY. 46</ls>.	sch	
upaparIkzitavya	7-325-a	{#*upaparIkzitavya#}¦ <lex>Adj.</lex> {%zu untersuchen%} <ls>MAHĀVY. 245,1047</ls>.	sch	
upaskAram	1-299-a	{#*upaskAram#}¦ <ab>Absol.</ab> {%spaltend%}.	sch	
utsrAvin	5-250-a	{#*utsrAvin#}¦ <lex>Adj.</lex> {%entspringend%} <ls>SĀY.</ls> zu <ls>ṚV. 5,85,2</ls>.	sch	
uttamadyuti	7-322-d	{#*uttamadyuti#}¦ <lex>Adj.</lex> {%überaus glanzvoll%} <ls>MAHĀVY. 22</ls>.	sch	
uttaramanuzyaDarmArocana	7-323-a	{#*uttaramanuzyaDarmArocana#}¦ <lex>n.</lex> {%die einem noch nicht geweihten Mönche gemachte Mittheilung, dass man übermenschliche Kräfte besitze,%} <ls>MAHĀVY. 261</ls>.	sch	
uttaramanuzyaDarmapralApa	7-322-d	{#*uttaramanuzyaDarmapralApa#}¦ <lex>m.</lex> {%das Vorgeben übermenschliche Kräfte zu besitzen%} [Page7-323-a] <ls>MAHĀVY. 257</ls>.	sch	
uttariDvajAgramaRi	7-323-a	{#*uttariDvajAgramaRi#}¦ <lex>m.</lex> und {#uttariparamARurajaHpraveSa#} <lex>m.</lex> <ab>Bez.</ab> {%zweier Zählmethoden%} <ls>MAHĀVY. 248</ls>.	sch	
vipfzWI	7-374-d	{#*vipfzWI#}¦ <lex>Adv.</lex> mit {#BU#} {%niedergeschlagen werden%} <ls>MAHĀVY. 245,865</ls>. Richtig {#vipizwI#}; <ab>vgl.</ab> {#pfzWI#} oben.	sch	
vyantI	7-376-d	{#*vyantI#}¦ <lex>Adv.</lex> mit {#kar#} {%fern halten beseitigen%} <ls>MAHĀVY. 245</ls>. {#*˚BAva#} <lex>m.</lex> {%das Beseitigtsein%} <ls n="MAHĀVY.">245,1259</ls>.	sch	
zaqvArzikamaha	7-379-a	{#*zaqvArzikamaha#}¦ <lex>m.</lex> {%ein <ab>best.</ab> Fest%} <ls><ab>ebend.</ab> 229</ls>.	sch	
ARipratyARInirhArayoga	7-317-c	{#*ARipratyARInirhArayoga#}¦ ? <ls>MAHĀVY. 245,460</ls>.		
Darmodrata	7-350-d	{#*Darmodrata#}¦ <lex>m.</lex> {%ein <ab>best.</ab>%} <is>Samādhi</is> <ls>MAHĀVY. 21,63</ls>.		
aBedyaratracUqa	7-306-d	{#*aBedyaratracUqa#}¦ <lex>m.</lex> <ab>N. pr.</ab> eines <is>Garuḍa</is> <ls>MAHĀVY. 172</ls>.		
gadDi	7-338-c	{#*gadDi#}¦ <lex>f.</lex> {%Gier%} <ls>MAHĀVY. 110,35</ls>.		
kAcapawala	7-331-b	{#*kAcapawala#}¦ <lex>n.</lex> {%eine <ab>best.</ab> Augenkrankheit%} <ls>MAHĀVY. 284,68</ls>.		
karmAvaraRapratipramrabDi	7-330-b	{#*karmAvaraRapratipramrabDi#}¦ <lex>f.</lex> Titel eines [Page7-330-c] Werkes <ls>MAHĀVY. 65,58</ls>.		
nApinaBARqa	7-352-b	{#*nApinaBARqa#}¦ <lex>n.</lex> {%Rasirgeräthe%} <ls>MAHĀVY. 273,99</ls>.		
pawavAsinIM	7-355-b	{#*pawavAsinIM#}¦ <lex>f.</lex> {%eine Art Weib%} <ls>MAHĀVY. 281,249</ls>.		
piYjulikA	5-259-c	{#*piYjulikA#}¦ <lex>f.</lex> <ls>ZACH. Beitr. 92</ls>.		
pratinisfjya	7-360-c	{#*pratini[H]sfjya#}¦ <lex>Adj.</lex> {%aufzugeben, fahren zu lassen%} <ls>MAHĀVY. 130,1</ls>.		
tAvaMtka	7-345-c	{#*tAvaMtka#}¦ <lex>Adj.</lex> = {#tAvatika#}.		
tUzRoMviprakramaRa	7-346-b	{#*tUzRoMviprakramaRa#}¦ <lex>n.</lex> {%stilles Davonschleichen%} (aus einer Versammlung) {%ohne seine Stimme abzugeben%} <ls>MAHĀVY. 261,81</ls>.		
uyamAnavaDana	7-326-a	{#*uyamAnavaDana#}¦ <ab>s.</ab> {#UyamAna˚#}.		
uzRIpaSiraska	7-326-b	{#*uzRIpaSiraska#}¦ <lex>Adj.</lex> {%einen Auswuchs auf dem Kopfe habend%}. <ab>Nom. abstr.</ab> {#˚tA#} <lex>f.</lex> <ls>MAHĀVY. 17</ls>.		
vyAGmAtaka	7-377-a	{#*vyAGmAtaka#}¦ <lex>n.</lex> {%ein aufgeschwollener Leichnam%} <ls>MAHĀVY. 52</ls>.		
